hash,why
051a5330a2e236ce2000e2416da9d34022689a03,error (no infolist)
0522b740f6c57b4f0972eb3f59c7e2a2729485a9,error (no infolist)
05db6055f5559a9624abe99496439555546bf583,warning (empty game lump?)
07069c4abd7da33dafab67d6ce05a38f701e1d75,error (no infolist)
07320480e9245c2363d806bc4d1661f8034709b5,warning (empty game lump?)
0c7bfe46d1c373c9d9500a92f3c2a1224f7e7627,error (no infolist)
0eaf1d003989b2a00d1a8a270d0b3ec65918c2f8,error (no infolist)
0ede9451b28eb5064f0870eaf239836e20cfab50,error (no infolist)
0f5147a70dc0d9f7519a50494585b25598ed9384,error (no infolist)
137d5c81b3e8cef60bf808c6c79edfcbfef27fbf,error (no infolist)
162966555e500512f997144baeb0fa9bade9eec7,error (no infolist)
1649257d9c232c3df8817d7f530e613b4e95f404,error (no infolist)
17640c3af91313e404a54fec2caadca4dbb65a30,error (no infolist)
17730fe735f4dd29426f6fd8a052fa026ec29946,warning (empty game lump?)
181f723a5c5a54a0dca536f29796e763c22a985f,error (no infolist)
1835838fcde152dc10a610a9e6da8749935f28da,error (no infolist)
1895f628deabb9919072f46bf843673206ba8cb2,error (no infolist)
1a9b208e491d99659d1d5d6b57ececf37a55abcd,warning (empty game lump?)
1bcd79709ae5c3e225cf43b308df0bef314220be,error (no infolist)
1f7f8a9262b34f53f698f539cd42b6685bc056c4,warning (empty game lump?)
20fa4e69b298df747e490ae0719e99f0b5f04feb,error (no infolist)
2593a2c2bf9a5458db1571c81ea812685837f824,error (no infolist)
260a7a1e076cbbdbe083b8c62f10e07d57c83330,error (no infolist)
2690052d2080742e11bc5c6876eb796bcf4fe1ed,error (no infolist)
2855abc88cb4da2f2e4293813e29710dba0e7a4b,warning (empty game lump?)
286a305e43ca8e4858b5c26de06626ca04e41493,error (no infolist)
293188a805342720b7d4232887d8d23adb82606d,warning (empty game lump?)
29994270c74e2677b05aa6ba76b10dc43879eb8a,error (no infolist)
2ac3d7a90b1deadf47d969ba47f24a9e68b3a108,warning (empty game lump?)
2b94888931bcfaadc801e3bc435b80492972508e,error (no infolist)
2c080222640f58696537d1e358187f845e039c94,warning (empty game lump?)
2c3d97d46467a3073d84866ab15579ec2d907ad2,error (no infolist)
2cbe379ba59c62d61cff95e7171d6f2a5d0c6d76,error (no infolist)
2e6cfdd88707788bc2a4e253e8dc943edaeba13b,warning (empty game lump?)
30760b98d34d7c6c6c23372879802daa8b58aef9,warning (empty game lump?)
325c709bbe13ce743c8c6685727aecb15d5b495d,error (no infolist)
32a5e281f6f491c46e1e10cf63e49e33db01b690,error (no infolist)
34d4aeff93e700833b26277d85d6a90bdee218e0,error (no infolist)
35b1821846ce87ad746ac7a7d0dd682d07581bf7,warning (empty game lump?)
35fba03e59947d547385dc53a526c12de92353b4,warning (empty game lump?)
367a9c5ff32e778d418da9266b533e1abe2344fa,error (no infolist)
36cf7042a1d2f53f44ce6c992f46851f17099567,warning (empty game lump?)
37e29348f17ccaafe1f314b25a91133ce4bf21c3,error (no infolist)
380ec0087a5e7213a2a758e3edde92d3d9a573b0,error (no infolist)
388318dba488b0ef6a5a07a98bda105eab922927,warning (empty game lump?)
396dd8b16c6516567b432386872214d12767e139,warning (empty game lump?)
3edf610a9bc3c1bff68ae96c2d8edc560e6fb3a8,error (no infolist)
3efb10161638fefc82a8eefefa766f84fd0b28da,warning (empty game lump?)
3f1180faed57db45f700d6cf22c4091b5b16890f,error (no infolist)
3f949056272ffc6415f275cc947184a3c77b5dfd,error (no infolist)
3fb22608f839428e538c8829e209ac03f74a7fe5,warning (empty game lump?)
3ff95c87c36543b230a991f36e71dda6acd9979b,error (no infolist)
407050114c30f90e479963d4d6860c5431aaae3e,error (no infolist)
446914010ea09b803c063590ea75841624f31aac,error (no infolist)
44b0a42b36c4eb4eb5d76d61f15ca84dc141325c,error (no infolist)
456e32c75b72fa2b817ecc2b44b61c006ddca347,warning (empty game lump?)
4637af1a3c6046407134004b2ce7c70fead8b930,error (no infolist)
4670e09daedfa9b9e8cc79caa401696a0c224839,error (no infolist)
4784e605579f2f93587b44664c4aadc74c81f13e,error (no infolist)
481a5d1da6efec19a48ac0de576fc653357cddca,error (no infolist)
48357070687f3f5dd6f1251de2d9995e1968c49b,error (no infolist)
4910d3cbf8e7cc0557d577777a11e97126ee33f1,error (no infolist)
4ae37031c71a379fb8ff8a01ca8045ee273db41d,warning (empty game lump?)
4aef6039bfd6df9acfd6784709b7a691cb9f3c4c,error (no infolist)
4d181a0884b1d8da7e60c2cce272d641299f2aa2,error (no infolist)
4d53c112df4f0eccbfcc097c58623aaafd5bad5c,warning (empty game lump?)
4d7f6fb4e5f880a1dfc5e57b301cf86a42310563,error (no infolist)
4f285bab8b207e81853302baff246379d11efb0a,warning (empty game lump?)
4fb9ab818535da23673a6bac776ef989e51d63f5,error (no infolist)
5183b75ec8f24fcfcdf8d30022b2f2ed8c46746f,warning (empty game lump?)
530fa898a257720027b414056dcd9a83b681214f,error (no infolist)
5311ed860e394594824230b9bb41c05ed22b12e3,warning (empty game lump?)
5453c3c324cf6f4ff28104a6836b5caf6953bf72,error (no infolist)
54ca806cb4a5779a6841e4e5a07d31d5a832d93e,error (no infolist)
557046d0dceebfca2489fc1231e1674a0484e29a,error (no infolist)
58aac78968472e51a7ed21edf1a8656afac642a4,error (no infolist)
5994137dbe86d1bc07496fa6c2095faeaf3f248b,error (no infolist)
5b4296be6ea8cbed695a1101d8b3e3665456d6ca,error (no infolist)
5bf535e25b549855086f52654eccd45ba555dc7d,error (no infolist)
5c3700674c43a76f23d22e92b84ae8e654d2277f,warning (empty game lump?)
5e52720609e5ac78f5e7a6699d0c9faddc843b1b,error (no infolist)
5f1a7331801aef86695cabff21e2b8f55224e0cf,error (no infolist)
5f483891c0b5825e3b22eda98288885a80e3c472,warning (empty game lump?)
5fa5ec146e014a7227e38005bc4c8d7ef7377cc6,warning (empty game lump?)
5fe285bb6cd06eacc0fd324d93a433b746752a81,error (no infolist)
6244672a0a7f968a7f77e3ef533e9d7cb40db7fe,error (no infolist)
62b15adc0385c5c3432e0392355693f612ddd8e7,error (no infolist)
62f2f3f3a66bb7a9b9d47cc2389b5d72c0035a7e,error (no infolist)
63f8944442ca88ab0d5a16d9150229138e9babce,error (no infolist)
6484b48bf3dbdd483ad809cc99553721fd963280,error (no infolist)
653819a7c7d276ad5c0e731da669c7791c2ba0c5,error (no infolist)
66b4db25a694b3eb54ddb98fa9ad220b3163ecaa,error (no infolist)
66e2484a379c68c41c754de89b09596f3bf42d0a,warning (empty game lump?)
69d6459fdde13cacaa44a9f96fd2d6fb6ce94d74,error (no infolist)
6b5679d9dfab301c990079d5b56bba06b782e765,warning (empty game lump?)
6cc6973e8b13ab872620cfcefd9de749df306dce,error (no infolist)
6da62a6299744ad13b9b0ec7d86c28be41c7829e,error (no infolist)
6e95e7535ec1af47df2a48b3ba74a50cc51626b9,warning (empty game lump?)
6e9b1e3d3107c2e971fdab888b80d9b8c1fd12c4,error (no infolist)
70a33dac137851da8eabccbab87ac92f46961fe0,warning (empty game lump?)
71862d9a5f3c02d4b43d10ed2f5fe2d018762946,error (no infolist)
71e17cd41ebcad6ff6349ea3e1d9a14212326ae1,warning (empty game lump?)
721db8b13cf552f44d7bba60ed94fb15ed382c20,warning (empty game lump?)
74465b50e1f2ca1b15a3796277cd63622eb29771,error (no infolist)
74b880c3a3cacdda7996d45b153e67bf6008c013,warning (empty game lump?)
758c3eb81e0bdd95f6e8aeaeeb8fa0a70976303e,error (no infolist)
76c4b46eb50237b316b053d15320db2ba3d4d50d,error (no infolist)
76d117dae0b25ce54f1a086011d8b8477b330ad3,warning (empty game lump?)
7708300ff57797fef6475842ddea301a056ed81b,error (no infolist)
78e4925d93afe74d1a99b923851d48367fee753d,error (no infolist)
7986fae9acf40a1914ff6653fadbb5ee1fb88a61,error (no infolist)
79bc7dfe3578a9153707612796fcd9d45da73c76,warning (empty game lump?)
7aa8a8130e87a8c2b568080231b2e637e0d77b90,warning (empty game lump?)
7b659ddbc5130714a4153f4b352d6da563b0757b,error (no infolist)
7b6cf5a23fd8ce6bf0d68edfd81ea91680521438,warning (empty game lump?)
7e9e27dfcb92f6fbd1306a628209ebcdb3e123bf,warning (empty game lump?)
7fdb72d6a1dd6c6d5664734b07e8cafbb79cd2a8,error (no infolist)
8072e9e2550bd397a85a5910aef1718a55c6db48,error (no infolist)
80fc63ab5b98e293ff0644c812274a7439d3bcbd,error (no infolist)
82f59636bcaf97afa8bf90fc2e52c35d2cd274fa,error (no infolist)
833b5544ca336cfee4a41e29862dc151a66aa865,warning (empty game lump?)
84e2fc7a5e4458890d24d3163353c109120fa302,error (no infolist)
858b8027688e3203b1044bc99c14b180e0fbe9fc,error (no infolist)
85aaae952195b7dfc0b1a371cffa58871063c447,error (no infolist)
85c65f8a3e618bd9cffc6be45d4c93a3dd52a769,warning (empty game lump?)
88aa79b669c0da16321e3685930f74dadde63bad,error (no infolist)
88f3b5f9c739e94eae9aa9570f01fd39accad573,warning (empty game lump?)
8a056c4bf993e218dd9a2131da5e2e28ebe075d8,warning (empty game lump?)
8ac0052d853360d50a120f4a5dc8260509555c43,warning (empty game lump?)
8ad320ad7f21ab83c510898852d36d1013e58798,error (no infolist)
8b811c21606322f73220ce3447b2c9f6d101f9b4,error (no infolist)
8c2920cc9bbc93e43eea075fd350e1be5a97d77d,error (no infolist)
8ead0908785f6d65c23667a85236fb0fa6e831ab,error (no infolist)
90381f3699c70984b5f067eab6f53af18e75d5d5,error (no infolist)
9084efd2986d52978b265daa7d663b90c535dae1,warning (empty game lump?)
93d59a7ca839bede682c7cf61bc59051f74d7b3a,warning (empty game lump?)
93dea930d429124e11211f781bac1aafb1f3c27f,error (no infolist)
94f4d8caa17e8633dd65d294a4abc4b24058e257,error (no infolist)
981fd7efffa588c75f042ecd1b9cccd364f57972,error (no infolist)
98acddb6c4745c6d0e9ba06d29bbdd96ea2f3c33,warning (empty game lump?)
99ca24b643eb6695b15902f8cd5594899ea0fdf8,error (no infolist)
99d69ded6f5fb871da13ca413024e50d2e8ba16c,error (no infolist)
9c0fd933aa72efe93ae523878c1909a83044b37d,error (no infolist)
9ce1cf7d069c2d5cfef5140782ed61608343f566,error (no infolist)
9ce955558257e3796f6ef27cfe2c7d9342dd3ff1,error (no infolist)
9ddacfd15ac712fbd3e6b59feac78f0a2915bca1,error (no infolist)
9df167ca60fa134cbaada4dcb91c25e98cdec8a6,error (no infolist)
9f18f13e11103c10a4fb390ebfa92ee29fb6fa12,warning (empty game lump?)
9f3deef197e547622292b60c0bd9b76c47621f7a,warning (empty game lump?)
9f9fec0879d500e25b3d688196833281241b45e1,error (no infolist)
9fecf7a9b6a56551c5609210fdc6625ed8fc9d94,error (no infolist)
a050cb57a21b31fb809f2237a910b3d51ac165b1,error (no infolist)
a170cc2e23087c68490f5385e11bf4de66841a68,error (no infolist)
a1c3ef8201a07ac3b256af2fb15ed55b0b990825,error (no infolist)
a2825a4c8bb51df66e901fb0d9124ec83981b54e,error (no infolist)
a361b3be8e728b15056b3ddc30657615e514b9b2,error (no infolist)
a41b9412163a1fd8d29f123581e764b765f3694a,error (no infolist)
a516f7af5d256101a1a12309a769b036ee1767bf,error (no infolist)
a544ebeb9f3fd70eaea348c69cf991580dec6c2d,error (no infolist)
a5c92eefa2d9933e36afc356f069f62d8fc08952,error (no infolist)
a6c71b6f509e805caa8a24200dcb0b2f3deeaa3c,error (no infolist)
a70d15c6429b2947fe9ad4c6becc4084ac2f7230,warning (empty game lump?)
a7f25df47e0693801b2955e1043002f85a9aa52a,error (no infolist)
a84cf772c7193a7cf5e7edfca151da19b47b151c,warning (empty game lump?)
a857046777edc80339d3720f437bac6c026b3e16,error (no infolist)
a8ac7804ce8b1394b0d08436871cd8e58949e22e,error (no infolist)
a9990515f45949690c9e0c194e6d3a59d105e34f,error (no infolist)
a9d86b7d1c3fb35bcc88f2c0ced75b97ddb059f8,error (no infolist)
ab27379a3b47b51e0720de928016e3aaaa9e1c50,error (no infolist)
abf8326954df5cca6ba4192ee3078bf4d08c121f,error (no infolist)
ac8009edfc79fcbe73c1707090307fefdbf2a0af,error (no infolist)
acfbed54d24cf0ca2a63263c5d27ccd6113481fd,warning (empty game lump?)
ad541c48a39f538cc6ed33f27694bb930ce705e0,error (no infolist)
ada7f793db864ac5fb3f75a4665086aa2055477a,error (no infolist)
aebc573ad5a75b036e5703d38fd5242a39ea57e4,error (no infolist)
b2e1c6cca24ca0c7f199f1f82d58d318c845d79c,error (no infolist)
b45e0bf32ee5ec4422d212a8f1f0ac5209f086ff,error (no infolist)
b738be95a556da5301d14d5dfa59ea694b2959f1,error (no infolist)
ba4b57fb8bb6a80f772bb00ee9a624033bbb0963,warning (empty game lump?)
bb642a4a8dfcdb747255a6374061b93f334b974b,error (no infolist)
bc7c8059ea276a8f96a4bd8c452aef435e6af7ec,warning (empty game lump?)
bdff604cfc8e1178e6df7666c92840588ee5b1af,error (no infolist)
be7ac275dd1dfb0111f38d5ce69ca8b226ac6e72,error (no infolist)
be948a8b6844d471c9070a321e0c2395f39c2a7b,warning (empty game lump?)
bed036271c32e75eade5126374968aacaff5fdeb,warning (empty game lump?)
bf2947cdec79a14e8344cfe843ae0efdb3056906,warning (empty game lump?)
bf43ccb1b037f24b1d901b1f02cb844ee84c7c9a,error (no infolist)
bfe2187c8dfa222b15c14815e855f203340af2f6,warning (empty game lump?)
c1268b985b1d7c887ebfcedfb9f16ef726543c6f,error (no infolist)
c1d4ce76e6094eedde28f92fc623d33ec6b9b56e,warning (empty game lump?)
c207e3d3dad3a91b4b451b04e6c9b2a2e729f820,error (no infolist)
c2139db17801d108921719536836a0f6e15c5c03,warning (empty game lump?)
c29026792081b57c9d8de9a9d3f49ecb79b2883c,error (no infolist)
c3d383ee31f4e62f17ebd7e74d2b664e47ac5c77,error (no infolist)
c4ebb87a4f6fa0e2c9ce46b5627361fc185a1ece,warning (empty game lump?)
c61ff14808e4b0a46698a413cf846af4192a8be6,error (no infolist)
c67ca248e3cce8c594bd72d0960afac32f12b648,error (no infolist)
c6c0bad47e55bf4634402e7d0b06f21f99653740,error (no infolist)
c7a1d1ee4888e90161cc7a656a8e2bb7a9ced03f,error (no infolist)
c8e2bfa269b9e13d74b50a69e3ef3cb817e80d06,warning (empty game lump?)
c991658f19bff0b75c0f30f6f90894589726939b,error (no infolist)
cb34b57ceec46f1d8542bad6d24036d1f3e8d217,error (no infolist)
cb7120b8eb4e13de8058e3e3cf95e2c83df4de50,warning (empty game lump?)
cd18247f8f1a24efac34e6bd4b2f5a0468105204,error (no infolist)
cdd3e133edd3d6c939edcda40fb5990fcc291fb4,error (no infolist)
cec8eb11bfadfec504d972a2a9441216397719d5,error (no infolist)
d03814fd08842c6a6f1155accc10455f17ba1f35,warning (empty game lump?)
d169439cd9ef116fd58d985063de179cc75e5e1f,warning (empty game lump?)
d16eb0f1cd71218e086aa78105b58b9fc4aec20b,error (no infolist)
d1d3b697fd437c37228b862434f086eebee75745,error (no infolist)
d1e880f4d7019384ac14b3d79b8256fea334dca0,error (no infolist)
d2e6809a81138e0bbae110ef4e77d62251d607c3,warning (empty game lump?)
d33db40243ab7d263db495e28c88b4ceb4457df6,error (no infolist)
d61f1ff4a902e7ad27d4e96299aaed1bba45250b,error (no infolist)
d83a167ee5746007b407f97fc1207bf116d90a89,error (no infolist)
d8fc146dec55c1c6b7a2f0d198165d4ed9a02c4c,error (no infolist)
d90ec470b90ba15c2c2fddd047b632bbd281acd6,error (no infolist)
db0602723aa2a28b48a6f46abd0e2c5bb2b913ac,error (no infolist)
db5db52b6a64d42fa866c8ca6ac65ad821521fc3,error (no infolist)
dbb717e4a1492a111cce535424d3ce461d7dc10b,error (no infolist)
dbc5622c11f51ddba4fae6b80f55974bb8342022,error (no infolist)
dc267101d92ef7403d9ccf5d118a5da2817a084d,error (no infolist)
dd6c3a9247c2704ff80760b016d0425cd44015ad,error (no infolist)
de6e6325151878d90df720679b606ab16ee41458,error (no infolist)
dea8b0f8c2c53a0125bc5bd83c5d1ff4cff1cf01,error (no infolist)
df682ee5169cc5e3ed4b2a5ec4e92159da8d0f97,error (no infolist)
dff75cf0221be78ba30938dd17b93e0f63c364c0,warning (empty game lump?)
e0d2336eadf9e45549f985be3f97d7189e81cbc0,error (no infolist)
e27a9d5851535c3269565df10c422fe72c12ad9e,error (no infolist)
e419e070f0740d3df79c4617c4702fe36fef9831,error (no infolist)
e88eff4a6e740260882aa7e7fa6d221677cd0a58,error (no infolist)
e993c05b4dc9873977732a64193f523bc23caee7,error (no infolist)
e9c0230ef83bdcdbf6890b697ee8986f63a0d9fd,warning (empty game lump?)
ec7fb01bd4c11a249de4bce06371ed5860570f27,error (no infolist)
ecb54af458741e92a3ae0a23997fd95137fe09ae,error (no infolist)
ed15a985dc6b7d0e07daf564fd317fffeeff0619,error (no infolist)
ed358a4c76099ab1a31dc4f7ceb5115ba50aa77e,error (no infolist)
ee4eb0280ca44d2b9336f4fa2526e8e54339c492,warning (empty game lump?)
ee6f0e0639d11f874a9fa283f2e6845ddef24b77,error (no infolist)
ef424b2a51e29f7fe555cb29c6c4618111099d0b,error (no infolist)
f12f519909a851b90af67d912700dc32de704631,error (no infolist)
f235b48bbf3898da58ca57401d4ee3888261d635,error (no infolist)
f265a8a88f40ec5f527b863589b11ce99529c641,error (no infolist)
f37c81e3b5ab17067cadca2139a15dece0fe4050,error (no infolist)
f3ea5077566533b8cbc791e22b4900008467c670,error (no infolist)
f57186e67c148aecd3f0545a4c537b000e742a9d,error (no infolist)
f690c77599db60481521098cd789dd96b6655685,error (no infolist)
f7c39251d464a3645b78cb51a728e0834cfad305,warning (empty game lump?)
f7f377b85f9493e4b04771fd096bf64ecd696289,error (no infolist)
f8655f314690da36e74ceef7f9c64f549c7d4fdc,warning (empty game lump?)
f89ec711f43bcdef5c0922717902c57b05d573b9,warning (empty game lump?)
f9744930df03e42c5567c1d66c72123a72e19a39,error (no infolist)
f99065f6872d038de48d8d203ed92dfe7567d041,error (no infolist)
fa1b60e212108b8df82abdfb9296581bbe013b63,error (no infolist)
faa6b8097b89ba9ebeda4a8dc29251c6f772d07a,error (no infolist)
fd25c6104c186da3adf5361bfa7087113b4d5e68,warning (empty game lump?)
fd427623c5194c310eaf04795b88afea19056359,error (no infolist)
fdb212d59c2ec639e1d2adcc8f149be0f1ce3e0a,error (no infolist)
ff2ac4b509e55e2f42d6d1c28a8462f0255d5518,error (no infolist)
245fce8ec1fd22582e7449baafbb54b1b60ec9f0,warning (empty game lump?)
ac6efacda6f7a239aa489c9385e05aef3eeb6b35,error (no infolist)
38d0d96c9331f304f8c1f1ab227ff9daa413f3e9,warning (empty game lump?)
f8a5fc2b40c828944c5f32cce20dcb93d612f836,warning (empty game lump?)
066e9495b0627a4fefd5847ec15cda0f950cf896,error (no infolist)
08eca308591819c8195a15b2304f6681fc7d58d2,error (no infolist)
47763c441022202ea730a33771f44716ff874bf0,error (no infolist)
5ac10a1715a7cdc6a4801e90174aed6711e5b286,error (no infolist)
8d9575742c5b94431a974fdfc1b5baa8654a54b5,error (no infolist)
9eef17167ee3a097aafcfdc7565c199db0d653ef,error (no infolist)
426becb808f3af3bd26307c176a21094e6884cea,warning (empty game lump?)
57a81e38556dd4fe6be9c16b737b6818cc21c024,warning (empty game lump?)
e5e2e14e19ba9ad5aaaff241948fb9e00eff6c64,warning (empty game lump?)
f288925976a9639856c380e0dc8504c525ecf8c9,warning (empty game lump?)
0a28c3466c274fba4ff3548d250cc1c13e75ed0e,error (no infolist)
d0c32e4c673fa1e087193f33fff04fcd92c03614,error (no infolist)
d882f3134d3a85a873d33e4c405915249c2d7bc5,warning (empty game lump?)
f913f2e3a93db656065e6bdd0719b2b97d4c71d8,warning (empty game lump?)
034508cb5fc4bf2a2b1981d1cfadeeda4747e332,warning (empty game lump?)
caba29db534c2c047e817cdd9e2d746bcd94bdf5,warning (empty game lump?)
e9c6e57eb17bb6fccf5e7d42c17dfbcc324ae6f0,warning (empty game lump?)
2359fcb309287f2340a831cd82b4e4a2646e5324,warning (empty game lump?)
1af27395d763d1192208869a6ca737b1d309e34e,error (no infolist)
27fee38358fe7c3c0ae13985faa885401ee5c4b5,warning (empty game lump?)
4bd66201dfa786c5e1f75861ea713b0ad4489dcd,warning (empty game lump?)
54648eec3697451a609b09c8300398527baaaefa,error (no infolist)
5651624fe6827f2c1af08c6108bfc8e15890a0b9,warning (empty game lump?)
5a653774f76df1e36b6a4cbc15e9d6d50822acae,warning (empty game lump?)
6ccf5800abcccf4829cae4ca6126590e92b4629d,warning (empty game lump?)
abec9edad96f197317476445424bbd40c4fbde56,warning (empty game lump?)
acffc9d5714756f1ee4128fae8670191d22f8b88,error (no infolist)
af1d9727c84f4cd4fa77ceb0592b4045f52a7bd4,warning (empty game lump?)
b7181f6b1aef2f2b6f7f4d21c67b1997870d1388,warning (empty game lump?)
cd4aa67f9259fa9695e5aa9c9368f6c4f8817d2a,error (no infolist)
69e6beb9b6ecede4e47c391dc2717fa5f0efd813,error (no infolist)
d427f112810c1f1e41c2db549b7143e7e1492278,warning (empty game lump?)
1a375aec46c5ca8b1809af78c8f8b7f57634e98e,warning (empty game lump?)
dec3dabb43e0016eb12deb37dfd59f4d8cdae20c,warning (empty game lump?)
d415f7eada5ecadda7be470f41077f2d83891dc2,warning (empty game lump?)
5eb7c982ece884e9f1dd6f7b6d5d285fdaf48bb4,warning (empty game lump?)
79cf2cb0b9f8b48b13dbf935aa5997ccc2cc8c59,warning (empty game lump?)
89ce3cd72d8c36ad388cbaee3edb3c754c2ac2b2,warning (empty game lump?)
d8873687a2de3078d5df4604e751c90d5f60da75,warning (empty game lump?)
4c317e16f388f24e9acbc90ab2957f5893ae8c36,warning (empty game lump?)
bff9f39c3440039a11c15bf6af806e1828169ee1,warning (empty game lump?)
ad703a934967047e386d27b2b98aa0f15d9a53b5,warning (empty game lump?)
28cb301e2b8c69d61ab92b3ff2928b30efcd470a,warning (empty game lump?)
a638e46a26a77b9eff04a963bf1bcf5565b8c483,warning (empty game lump?)
877b6b795ebac615c7be514b0d79747a5df8d310,warning (empty game lump?)
8c6b8fe1f03bb9783673592471b10e6a31fab173,warning (empty game lump?)
19f9a1d72a0fc4cc24ee112c307929863e48d4bc,warning (empty game lump?)
d9c922050c6a436a8ae02600ec2839479d07755d,warning (empty game lump?)
857bebaa4a3c9dbed3aad7e2210473f459ca1522,warning (empty game lump?)
37ba5629a8eae5e947de817b0a494eddcd55a2e9,warning (empty game lump?)
8952f71ea5274f5ca16bc1b86e2b543beb6c8454,warning (empty game lump?)
d8e46da47828d523bf58ef4facda6ed291a3dfb8,warning (empty game lump?)
59d03800153280841af4fb180cf7acd12284c7ab,warning (empty game lump?)
fc1ca2c2bcf988b9e2d2a46723bbc09b6b693be3,warning (empty game lump?)
175b46e02cb51d6e5b8b6ede93b3c12578e2d35a,warning (empty game lump?)
667541de35c00d4bbf0246344aafbd799a174e6c,warning (empty game lump?)
e1de0406d2d45ff0399667bec36fde6e6d06d1d0,warning (empty game lump?)
e4b2075ba7e6c353a17d56b42c359d2b6127c07f,warning (empty game lump?)
805a4c3a7ebf266b0599f6813a994b9c394be710,warning (empty game lump?)
3b100f4ba41ef4b7612a7884e43980fae3d4c50f,warning (empty game lump?)
0baa05b80979e561ac53786239006684af26c1b7,error (no infolist)
33cd7f89c75bf018254811a7c408b69ed7d5abac,warning (empty game lump?)
7a0688f0dcfb62b0ed6bcd4491f2754e83a86fb5,warning (empty game lump?)
cf785bd7b2068cb953c139f14decf41cd8cef693,warning (empty game lump?)
3c720ac06d7077fc8555f47452bd7a793cc2bbf3,warning (empty game lump?)
96d46696e4fae08f5deee1a17a7cfadc22e359dd,warning (empty game lump?)
43187276ffd8142f885a7e4325a741bb947cf91b,warning (empty game lump?)
70570a8eb8c0c40549fb85cbcd216df7617cff95,warning (empty game lump?)
b45016d4069f12a4924f6b44d5962898c0bc2ff2,warning (empty game lump?)
273b020958bf39c6613a710d2db4f3d3cfecd2f0,warning (empty game lump?)
304a84462b3b22c8dc32c4fb87b0cd3e2a339b99,warning (empty game lump?)
8deff3fde0c015e667affdb5dadc03760e609dd4,warning (empty game lump?)
b5d76e5c97523f6002c55ef89e352fd915cb7e5b,warning (empty game lump?)
bc4530b64f531f05853b8df562569bf7244f9b3d,warning (empty game lump?)
e79d4c821b765bb4437665885e3bc3b03f220db0,warning (empty game lump?)
5bd553ca827a662f078a59ac6b8e04fbe23c7ae6,warning (empty game lump?)
66f071ed0e806f2149f58515a3f9428ee321d811,warning (empty game lump?)
75db8b03042fd9b8150ace888f83219d579503dc,warning (empty game lump?)
887cdbbb615d0febe7d96ec73df90f24cdfb4040,warning (empty game lump?)
8e06588a5a3e4ca89a4f3a9157801c4c098d54fb,warning (empty game lump?)
ac4d5425c5b4ea89c406666487eb6fd67b304ac0,warning (empty game lump?)
6c076d809fea581aecff8dd12a748b15c3f171f8,warning (empty game lump?)
30a65247ceacc8a41d8fd243a49deeab8979c1bc,warning (empty game lump?)
68e3a0ef4e0d6fa1c257ca4d16016ca19cc1b6c6,warning (empty game lump?)
932afbf0ca505d331af1c12098e06b81824496c7,warning (empty game lump?)
5785905b531f773729e2b37b539e9b98cf767f9c,warning (empty game lump?)
8b31e5686bb3da568634e6ef3d5f9d9a07e882b7,warning (empty game lump?)
6cd7ae30890d43a4616cd6aa9c4a93ac5edacdeb,warning (empty game lump?)
9306b2a04181dd50c84e5ad3a7d22f5fc668c44d,warning (empty game lump?)
